City_ID,City,Country,Max Temp,Current Description,Lat,Lng,Hotel Name
0,Riviere-Au-Renard,CA,50.29,overcast clouds,48.9957,-64.3971,Auberge Le Caribou
2,Zhangye,CN,53.31,overcast clouds,38.9342,100.4517,Zhangye Lvzhou Holiday Inn
3,San Javier,ES,71.64,few clouds,37.8063,-0.8374,Hotel Mar Menor
4,Kapaa,US,82.38,scattered clouds,22.0752,-159.319,Sheraton Kauai Coconut Beach Resort
5,Bluff,NZ,52.81,light rain,-46.6,168.3333,Bluff Homestead - Guesthouse & Campervan Park
7,Turayf,SA,68.25,clear sky,31.6725,38.6637,Turaif
9,Dimona,IL,64.04,overcast clouds,31.0667,35.0333,Desert Sounds Hotel
11,Lagoa,PT,56.68,light rain,39.05,-27.9833,Casa Das Faias
12,Thompson,CA,51.96,scattered clouds,55.7435,-97.8558,Burntwood Hotel
13,Mataura,NZ,52.48,overcast clouds,-46.1927,168.8643,Ellie's Villa
14,Puerto Escondido,MX,88.43,scattered clouds,15.85,-97.0667,Aldea del Bazar Hotel and Spa
15,Rikitea,PF,76.95,few clouds,-23.1203,-134.9692,People ThankYou
17,Mahebourg,MU,73.69,broken clouds,-20.4081,57.7,Shandrani Beachcomber Resort & Spa
18,East London,ZA,68.07,clear sky,-33.0153,27.9116,Tu Casa
20,Ilhabela,BR,68.22,overcast clouds,-23.7781,-45.3581,Ilha Flat Hotel
22,Craig,US,82.35,clear sky,40.5153,-107.5464,"Candlewood Suites Craig-Northwest, an IHG Hotel"
23,Hilo,US,86.29,broken clouds,19.7297,-155.09,Hilo Hawaiian Hotel
25,Pisco,PE,69.85,clear sky,-13.7,-76.2167,Hotel San Isidro Oficial
26,Frederick,US,74.21,scattered clouds,39.4668,-77.3997,Hampton Inn & Suites Frederick-Fort Detrick
27,Smithers,CA,50.32,light intensity shower rain,54.7804,-127.1743,"Prestige Hudson Bay Lodge, Premier Collection"
29,Geraldton,AU,52.21,clear sky,-28.7667,114.6,Broadwater Mariner Resort
30,Port Alfred,ZA,70.59,clear sky,-33.5906,26.891,The Halyards Hotel
31,Esperance,AU,54.91,clear sky,-33.8667,121.9,Hospitality Esperance
34,Bambous Virieux,MU,73.65,broken clouds,-20.3428,57.7575,Casa Tia Villa
37,Kodiak,US,60.31,broken clouds,57.79,-152.4072,Best Western Kodiak Inn And Convention Center
41,Cape Town,ZA,73.11,clear sky,-33.9258,18.4232,"Radisson Blu Hotel Waterfront, Cape Town"
42,Gizo,SB,82.65,few clouds,-8.103,156.8419,Imagination Island
43,Sungaipenuh,ID,65.08,overcast clouds,-2.0833,101.3833,Penginapan Citra Alam
44,Norman Wells,CA,55.44,few clouds,65.282,-126.8329,Heritage Hotel
46,Bethel,US,69.89,overcast clouds,41.3712,-73.414,Courtyard by Marriott Danbury
47,Busselton,AU,60.89,broken clouds,-33.65,115.3333,Observatory Guest House
49,Akureyri,IS,55.33,clear sky,65.6835,-18.0878,Icelandair Hotel Akureyri
51,Axim,GH,80.19,overcast clouds,4.8699,-2.2405,Axim Beach Resort And Spa
52,Port Lincoln,AU,57.11,overcast clouds,-34.7333,135.8667,Port Lincoln Hotel
53,Hermanus,ZA,67.8,overcast clouds,-34.4187,19.2345,Misty Waves Boutique Hotel
54,Tankhoy,RU,51.57,overcast clouds,51.5528,105.1306,Vizit Tsentr
56,Laguna,US,83.95,clear sky,38.421,-121.4238,"Holiday Inn Express & Suites Elk Grove Central - Hwy 99, an IHG Hotel"
57,Florenville,BE,56.12,clear sky,49.6998,5.3074,La Roseraie. Gaume-Ardenne-lacuisine sur Semois.
58,Conakry,GN,77.07,thunderstorm with rain,9.538,-13.6773,Riviera Royal Hotel
60,Abu Dhabi,AE,80.96,clear sky,24.4667,54.3667,Beach Rotana
61,Fukue,JP,65.23,broken clouds,32.6881,128.8419,Goto Guesthouse Utojuku & SA Car Rental
62,Asyut,EG,71.78,overcast clouds,27.181,31.1837,ŸÅŸÜÿØŸÇ ŸÖŸäÿ≥ ÿ•Ÿäÿ¨Ÿäÿ®ÿ™ Miss Egypt Hotel
63,Bay City,US,72.1,clear sky,43.5945,-83.8889,DoubleTree by Hilton Hotel Bay City - Riverfront
66,Vaini,TO,77.16,broken clouds,-21.2,-175.2,Keleti Beach Resort
67,San Cristobal,VE,78.98,overcast clouds,7.7669,-72.225,Pirineos
68,Siocon,PH,78.75,overcast clouds,7.7061,122.1353,ABS Hotel
69,Jinxi,CN,59.16,clear sky,30.4323,116.2922,Jinling Hotel
70,Nara,JP,62.49,overcast clouds,34.6851,135.8049,Guesthouse Nara Komachi
71,Bairiki,KI,86,scattered clouds,1.3292,172.9752,Tarawa Boutique Hotel
73,Yellowknife,CA,52.32,broken clouds,62.456,-114.3525,The Explorer Hotel
74,Atuona,PF,79.23,few clouds,-9.8,-139.0333,Villa Enata
76,Oyama,JP,62.58,overcast clouds,36.3,139.8,Toyoko Inn Oyama-eki Higashi-guchi No.1
77,Sinnamary,GF,78.8,moderate rain,5.3833,-52.95,ALETHEIA Appartement Sinnamary
78,Spencer,US,80.71,clear sky,43.1414,-95.1444,Reston Inn Suites
79,Ilo,PE,66.09,clear sky,-17.6394,-71.3375,Torreblanca Hotel
82,Saint-Philippe,RE,71.19,light rain,-21.3585,55.7679,"Chambres d'h√¥te ""La Trinit√©"""
83,Tezu,IN,70.65,moderate rain,27.9167,96.1667,Circuit House
84,Salym,RU,51.24,overcast clouds,60.0625,71.4789,Gostinitsa Salym
85,Ponta Do Sol,PT,71.01,scattered clouds,32.6667,-17.1,Hotel do Campo
86,Chuy,UY,52.21,light rain,-33.6971,-53.4616,Nuevo Hotel Plaza
87,Pekan,MY,75.31,overcast clouds,3.4836,103.3996,Pekan Budget Hotel
88,Kendal,GB,58.1,broken clouds,54.3268,-2.7476,Castle Green Hotel - managed by Legacy Hotels and Resorts
89,Bandarbeyla,SO,82.98,overcast clouds,9.4942,50.8122,JABIR HOTEL
90,Eyl,SO,82.96,broken clouds,7.9803,49.8164,Amiin Hotel
92,Ambulu,ID,75.31,overcast clouds,-8.345,113.6058,Hotel Ambulu Jember
93,Jamestown,US,62.02,broken clouds,42.097,-79.2353,Hampton Inn & Suites Jamestown
94,Anloga,GH,82.18,light rain,5.7947,0.8973,Pin Drop Hotel
95,Bredasdorp,ZA,66.63,broken clouds,-34.5322,20.0403,Bredasdorp Country Manor
96,Fortuna,US,60.66,overcast clouds,40.5982,-124.1573,Super 8 by Wyndham Fortuna
100,Lebu,CL,53.42,clear sky,-37.6167,-73.65,Hostal Las Lilas
101,Villamartin,ES,68.36,clear sky,36.8598,-5.6449,Viajes Corrales Group
102,Port Elizabeth,ZA,68.09,clear sky,-33.918,25.5701,39 On Nile Guest House
104,Poso,ID,77.81,light rain,-1.3959,120.7524,Hotel 77 Poso
105,Lompoc,US,76.57,mist,34.6391,-120.4579,"Holiday Inn Express Lompoc, an IHG Hotel"
106,Moron,AR,53.92,scattered clouds,-34.6534,-58.6198,Hotel Mor√≥n
107,Avarua,CK,82.45,scattered clouds,-21.2078,-159.775,Paradise Inn
110,Iquique,CL,62.64,few clouds,-20.2208,-70.1431,Backpacker`s Hostel Iquique
112,Georgetown,MY,78.73,few clouds,5.4112,100.3354,Cititel Penang
113,Lingao,CN,71.69,overcast clouds,19.9103,109.6859,Lingao Ditai Inn
114,Mount Isa,AU,64.17,clear sky,-20.7333,139.5,ibis Styles Mt Isa Verona
116,Mar Del Plata,AR,54.95,shower rain,-38.0023,-57.5575,Gran Hotel Mar del Plata
118,Hobyo,SO,80.19,few clouds,5.3505,48.5268,Iftin hotel hobyo
121,Ucluelet,CA,55.09,overcast clouds,48.9329,-125.5528,Black Rock Oceanfront Resort
122,Alice Springs,AU,51.35,broken clouds,-23.7,133.8833,Desert Palms Alice Springs
123,Thaton,MM,80.04,moderate rain,16.9206,97.3714,"Shwe Pyi Soe Guest House, Thaton"
124,Narsaq,GL,50.22,overcast clouds,60.9167,-46.05,Sleep In Narsaq
126,Nantucket,US,62.65,fog,41.2835,-70.0995,Jared Coffin House
128,Oistins,BB,82.49,scattered clouds,13.0667,-59.5333,Butterfly Beach Hotel
129,Butaritari,KI,82.4,overcast clouds,3.0707,172.7902,Isles Sunset Lodge
130,Narasapur,IN,82.67,overcast clouds,16.45,81.6667,UDIPI HOTEL COMFORTINN
132,Ribeira Grande,PT,58.55,broken clouds,38.5167,-28.7,Quinta da Meia Eira
133,Suwa,JP,52.2,overcast clouds,36.038,138.1131,RAKO ËèØ‰πÉ‰∫ï„Éõ„ÉÜ„É´
134,Marsa Matruh,EG,66.4,clear sky,31.3525,27.2453,Beau Site
135,Le Port,RE,73.36,scattered clouds,-20.9373,55.2919,KORBEY D'OR OUEST
137,Pyu,MM,76.23,overcast clouds,18.4833,96.4333,Mr Bo Bo
138,Bandar-E Lengeh,IR,80.56,clear sky,26.5579,54.8807,⁄©ÿßŸÅ€å ŸÜÿ™ Ÿæÿßÿ±ÿ≥
141,Hamilton,US,77.95,few clouds,39.1834,-84.5333,Six Acres Bed & Breakfast
143,Ipua,BR,64.53,overcast clouds,-20.4381,-48.0122,Hotel e Restaurante M. Martins
145,Alampur,IN,86.41,broken clouds,15.8833,78.15,Haritha Hotel Alampur
147,Nishihara,JP,65.86,light rain,26.1842,127.7558,Minshuku Agaihama
148,Raudeberg,NO,50.67,clear sky,61.9875,5.1352,Nordre Silda.
149,Karratha,AU,74.3,heavy intensity rain,-20.7377,116.8463,ibis Styles Karratha
152,Castiglione Delle Stiviere,IT,69.87,clear sky,45.3906,10.4853,JHD Dunant Hotel
153,Riyadh,SA,84.34,clear sky,24.6877,46.7219,"InterContinental Riyadh, an IHG Hotel"
154,Cam Ranh,VN,78.76,broken clouds,11.9214,109.1591,OYO 598 Peony Hotel
155,Portland,US,65.3,broken clouds,45.5234,-122.6762,Embassy Suites by Hilton Portland Downtown
156,Coquimbo,CL,55.13,few clouds,-29.9533,-71.3436,Hotel San Juan
157,Tuatapere,NZ,52.83,overcast clouds,-46.1333,167.6833,Ron and Tony's Bed & Breakfast
159,Bontang,ID,76.28,overcast clouds,0.1333,117.5,KOPKAR Hotel Bintang Sintuk
161,Makhachkala,RU,57.18,scattered clouds,42.9764,47.5024,Argo
163,Parana,AR,56.57,few clouds,-31.732,-60.5238,Howard Johnson by Wyndham Plaza Hotel Mayorazgo
165,Fengkou,CN,59.95,few clouds,30.0833,113.2667,ÂêõÊÇ¶Â§ßÈÖíÂ∫ó
166,Alghero,IT,62.69,clear sky,40.5589,8.3181,Smy Carlos V Alghero
167,Rocha,UY,52.75,overcast clouds,-34.4833,-54.3333,Hotel Arrarte
168,Saint Anthony,US,70.92,clear sky,45.0205,-93.218,Holiday Inn Express Roseville-St. Paul
169,Byron Bay,AU,69.71,overcast clouds,-28.65,153.6167,Backpackers Inn
170,Salinas,US,79.02,scattered clouds,36.6777,-121.6555,Laurel Inn & Conference Center
171,Puerto Ayora,EC,82.36,overcast clouds,-0.7393,-90.3518,Finch Bay Galapagos Hotel
172,Praia,CV,81.14,clear sky,14.9215,-23.5087,LT Aparthotel
173,Metro,ID,75.29,overcast clouds,-5.1131,105.3067,OYO 3177 Wisma Lintang
176,Dakar,SN,77.88,overcast clouds,14.6937,-17.4441,Novotel Dakar
177,Rio Grande,BR,53.71,scattered clouds,-32.035,-52.0986,Hotel Atl√¢ntico Rio Grande
178,Jiamusi,CN,51.67,broken clouds,46.8333,130.35,Riversky Hotel
179,Vila Velha,BR,78.75,clear sky,-20.3297,-40.2925,Hotel Vit√≥ria Palace
180,Marawi,PH,70.11,overcast clouds,7.9986,124.2928,Derogongan Residence
181,Hithadhoo,MV,83.91,overcast clouds,-0.6,73.0833,Scoop Guest House
182,Carnarvon,AU,69.33,clear sky,-24.8667,113.6333,Hospitality Carnarvon
183,Santa Marta De Tormes,ES,57.22,clear sky,40.9506,-5.6272,Hotel Alameda Palace
184,Asau,RO,52.72,scattered clouds,46.4333,26.4,Casa Mika Ciobanus
185,Kavieng,PG,82.02,scattered clouds,-2.5744,150.7967,Nusa Island Retreat
186,Balkanabat,TM,77.07,overcast clouds,39.5108,54.3671,Nebitchi Hotel
188,Srikakulam,IN,83.17,scattered clouds,18.3,83.9,Micro Systems
189,Cidreira,BR,55.06,scattered clouds,-30.1811,-50.2056,Hotel Castelo
190,Dingle,PH,77.88,overcast clouds,10.9995,122.6711,SEGAYA PROPERTY
191,Am Timan,TD,87.85,scattered clouds,11.0297,20.2827,Palais du chef Canton Salamt
192,Kismayo,SO,79.48,few clouds,-0.3582,42.5454,Agan-Hotel
193,Augusto Correa,BR,78.64,scattered clouds,-1.0217,-46.635,Fazenda Bacuri
194,Atambua,ID,70.75,few clouds,-9.1061,124.8925,Kost Alfa Flat
195,Brandon,US,87.26,clear sky,27.9378,-82.2859,Embassy Suites by Hilton Tampa Brandon
197,Quartucciu,IT,69.01,clear sky,39.2519,9.1794,Best Western Hotel Residence Italia
198,Kaitangata,NZ,52.23,overcast clouds,-46.2817,169.8464,Kaitangata Motor Camp
200,Yulara,AU,58.96,overcast clouds,-25.2406,130.9889,Desert Gardens Hotel - Ayers Rock Resort
201,Dhidhdhoo,MV,81.39,overcast clouds,6.8833,73.1,Dhidhoo beach
202,Kodar,IN,84.7,overcast clouds,16.9833,79.9667,Hotel Athidhi Grand
203,Saint-Paul,RE,73.49,few clouds,-21.0096,55.2707,Boucan Canot
204,Morbach,DE,57.85,clear sky,49.8167,7.1167,Boardinghouse Morbach
205,Los Llanos De Aridane,ES,64.15,clear sky,28.6585,-17.9182,Valle Aridane
206,Arraial Do Cabo,BR,73.26,scattered clouds,-22.9661,-42.0278,Pousada Porto Praia
207,Loreto,MX,85.44,broken clouds,22.2667,-101.9667,Jos√© de Jes√∫s Vel√°squez mora
209,Abu Kamal,SY,76.75,overcast clouds,34.4506,40.9171,ÿßŸÑÿ®ŸàŸÉŸÖÿßŸÑ
210,Pangai,TO,78.91,few clouds,-19.8,-174.35,Ha'apai Beach Resort
211,Mount Gambier,AU,50.54,overcast clouds,-37.8333,140.7667,The Commodore
212,Bend,US,66.99,clear sky,44.0582,-121.3153,Fairfield Inn & Suites by Marriott Bend Downtown
214,Santa Rosa,PH,80.58,light rain,14.3122,121.1114,Erlyn‚Äôs Sta Rosa City Home
215,Ashland,US,70.83,scattered clouds,40.8167,-82.2665,SureStay
218,Celestun,MX,82.26,clear sky,20.8667,-90.4,Posada Lilia
220,Port Macquarie,AU,63.9,few clouds,-31.4333,152.9167,Rydges Port Macquarie
221,Ostrow Mazowiecka,PL,51.76,overcast clouds,52.8024,21.8951,Us≈Çugi Hotelowe 17- Realizujemy bon turystyczny
223,Claudio,BR,60.42,clear sky,-20.4433,-44.7658,Hotel 3 Irm√£os
224,Prata,BR,64.92,overcast clouds,-19.3072,-48.9242,Hotel Pontal Aluga-se Quitinetes e su√≠tes mensalmente
229,Benguela,AO,76.15,clear sky,-12.5763,13.4055,Hotel Praia Morena
230,Sola,VU,80.94,overcast clouds,-13.8833,167.55,Leumerus Bungalows
231,Kloulklubed,PW,79.3,few clouds,7.0419,134.2556,Storyboard Beach Resort
232,Kharan,PK,80.33,clear sky,28.5833,65.4167,Dil Aram Bangla
233,Manakara,MG,70.16,moderate rain,-22.1333,48.0167,La Residence Manakara
234,Waddan,LY,78.82,broken clouds,29.1614,16.139,ŸÖÿ≠ŸÑ ÿßŸÑÿ¥ÿ±ŸäŸÅ ŸÖÿ≠ŸÖÿØ ÿßŸÑÿπÿßŸäÿ®
235,Katobu,ID,75.24,overcast clouds,-4.9408,122.5276,La Ode Husein
237,San Pedro,PH,79.83,broken clouds,14.35,121.0167,Esquivel's Garden And Resort
238,Farafangana,MG,69.93,moderate rain,-22.8167,47.8333,Miarina
239,Santa Isabel,BR,63.7,scattered clouds,-23.3156,-46.2214,Ch√°cara Sombra do Alt√≠ssimo
242,Dalhousie,IN,60.73,broken clouds,32.5333,75.9833,Hotel Mount View
243,Hit,IQ,77.43,broken clouds,33.6416,42.8251,‡¢™Ÿèÿ®ŸéŸÖŸÄÿß ÿèŸèŸÄŸÖŸéŸÄ‡¢™
244,Anju,KP,52.5,clear sky,39.6178,125.6647,Super Secret Russian Base
245,Souillac,MU,73.78,broken clouds,-20.5167,57.5167,Shanti Maurice Resort & Spa
248,Tual,ID,83.84,scattered clouds,-5.6667,132.75,Grand Vilia Hotel
249,Khowst,AF,74.01,clear sky,33.3833,69.8833,Ÿà⁄ÜŸá ÿÆŸà⁄ìŸáÿåWacha Khwara
250,Bud,US,77.2,few clouds,39.447,-86.1758,Ted McQuinn Trust
251,Itarema,BR,78.49,overcast clouds,-2.9248,-39.9167,"Sea Lounge! Bar, Club & Restaurant"
253,Westport,US,70.99,broken clouds,41.1415,-73.3579,The Westport Inn
255,Port Augusta,AU,51.04,clear sky,-32.5,137.7667,Majestic Oasis Apartments
256,Kruisfontein,ZA,65.88,clear sky,-34.0033,24.7314,Oyster Bay House Rental
258,Tiarei,PF,86.02,scattered clouds,-17.5333,-149.3333,Le Rocher de Tahiti
259,Alofi,NU,78.69,light intensity shower rain,-19.0595,-169.9187,Taloa Heights
260,Victoria,HK,69.33,overcast clouds,22.2855,114.1577,Mini Central
261,Eirunepe,BR,74.17,heavy intensity rain,-6.6603,-69.8736,Atr√°s de voc√™
262,Husavik,IS,52.52,scattered clouds,66.0449,-17.3389,Bjarnab√∫√∞
263,Sao Joao Da Barra,BR,70.23,broken clouds,-21.6403,-41.0511,Pousada Porto De Canoas
266,Acarau,BR,78.89,overcast clouds,-2.8856,-40.12,castelo pizzaria
268,Korla,CN,69.69,overcast clouds,41.7597,86.1469,Gulisitan Hotel
271,Pimenta Bueno,BR,70.92,overcast clouds,-11.6725,-61.1936,Cristalina Palace Hotel
276,Susanville,US,75.04,clear sky,40.4163,-120.653,Comfort Inn & Suites
277,Caravelas,BR,76.39,scattered clouds,-17.7125,-39.2481,Pousada dos Navegantes
279,Kahului,US,87.82,scattered clouds,20.8947,-156.47,Maui Seaside Hotel
280,Odweyne,SO,79.48,few clouds,9.4092,45.064,Eng Hiirey House
281,Camopi,GF,75.63,light rain,3.1655,-52.3158,La pousada
282,Sao Felix Do Xingu,BR,76.78,overcast clouds,-6.6447,-51.995,Rio Xingu Camping
283,Meulaboh,ID,76.48,overcast clouds,4.1363,96.1285,Kost Pria
286,Mazatlan,MX,85.96,scattered clouds,23.2167,-106.4167,Hotel La Siesta
287,Nong Kung Si,TH,73.81,overcast clouds,16.65,103.3,‡∏ö‡πâ‡∏≤‡∏ô ‡∏û‡∏µ‡πà‡∏ö‡∏¥‡πä‡∏Å
288,Gombong,ID,75.97,broken clouds,-7.6072,109.5142,Grafika Hotel Dan Restoran
289,Woodward,US,88.83,clear sky,36.4337,-99.3904,"Holiday Inn Express & Suites Woodward Hwy 270, an IHG Hotel"
290,Balkhash,KZ,64.33,clear sky,46.844,74.9804,Family
293,Kununurra,AU,66.18,clear sky,-15.7667,128.7333,Hotel Kununurra
294,Dwarka,IN,82.65,clear sky,22.2394,68.9678,Hotel Narayan Avezika Comfort
295,Domoni,KM,77.59,few clouds,-12.2569,44.5319,Al Djadid
296,Harper,LR,79.79,overcast clouds,4.375,-7.7169,Screensaver
297,Liberal,US,87.04,clear sky,37.0431,-100.921,Hampton Inn & Suites Liberal
298,Arona,ES,63.12,scattered clouds,28.0996,-16.681,Paradise Court
299,Bouake,CI,78.39,overcast clouds,7.6895,-5.0218,Hotel Residence Nannan
302,Namatanai,PG,81.59,overcast clouds,-3.6667,152.4333,Seagulls Inn Namatani
303,Port Blair,IN,78.84,drizzle,11.6667,92.75,"Welcomhotel By ITC Hotels, Bay Island, Port Blair"
305,Mwinilunga,ZM,62.51,overcast clouds,-11.7358,24.4293,Kwakuwahi Lodge
306,Padang,ID,78.67,overcast clouds,-0.9492,100.3543,Mercure Padang
308,Ust-Uda,RU,54.19,broken clouds,54.1742,103.0304,Gostinitsa Ust'-Uda Shans
309,Matola,MZ,67.51,few clouds,-25.9622,32.4589,Guesthouse Yuba
311,Mielec,PL,56.79,overcast clouds,50.2871,21.4239,Premium Hostel & Bistro
312,Palaikastron,GR,67.3,clear sky,35.2,26.25,Marina Village
317,Cocobeach,GA,79.74,overcast clouds,1.0002,9.5823,Hotel Esperance
319,Jiuquan,CN,57.45,overcast clouds,39.7432,98.5174,Jiuquan Hotel
321,Baracoa,CU,81.39,overcast clouds,20.3467,-74.4958,Hostal Rio Miel
323,Mogadishu,SO,79.74,clear sky,2.0371,45.3438,Hotel Juba
324,Bad Harzburg,DE,62.26,overcast clouds,51.8833,10.5667,Romantik Hotel Braunschweiger Hof
325,Mayumba,GA,77.32,overcast clouds,-3.432,10.6554,LIKWALE LODGE
326,Awjilah,LY,78.93,clear sky,29.1081,21.2869,ÿßŸÑŸÖŸÜÿ≤ŸÑ
328,Richards Bay,ZA,64.65,clear sky,-28.783,32.0377,BON Hotel Waterfront Richards Bay
329,Nouadhibou,MR,78.78,overcast clouds,20.931,-17.0347,El Medina
330,Nhulunbuy,AU,77.61,scattered clouds,-12.2333,136.7667,East Arnhem Real Estate
333,Hovd,MN,53.71,overcast clouds,48.0056,91.6419,Hotel Khovd
335,Florianopolis,BR,57.63,clear sky,-27.6146,-48.5012,Hotel Boutique Quinta das Videiras
336,Rincon,US,89.56,few clouds,32.296,-81.2354,Days Inn Rincon
337,Roma,US,61.52,moderate rain,43.2128,-75.4557,Wingate By Wyndham Rome
338,Lethem,GY,80.37,heavy intensity rain,3.3803,-59.7968,Savannah Inn
339,Dali,CN,56.32,overcast clouds,25.7,100.1833,Dali Travelling With Hostel
340,Alcudia,ES,69.37,overcast clouds,39.8532,3.1214,Zafiro Tropic
341,Paita,PE,66.52,scattered clouds,-5.0892,-81.1144,Hotel N√°utico de Paita
342,Tomatlan,MX,84.27,overcast clouds,19.9333,-105.25,El Salvial
344,Luwuk,ID,79.59,overcast clouds,-0.9516,122.7875,Hotel Santika Luwuk
345,Narasannapeta,IN,82.36,broken clouds,18.4167,84.05,AVK events and catering
347,Puerto Ayacucho,VE,77.79,overcast clouds,5.6639,-67.6236,Posada Turistica Manapiare
349,Sakakah,SA,76.57,scattered clouds,29.9697,40.2064,Fakhamat Al Orjoana Apartment
350,Puerto Madryn,AR,50.58,clear sky,-42.7692,-65.0385,Hotel Tolosa
351,Pangkalanbuun,ID,75.88,overcast clouds,-2.6833,111.6167,Grand Kecubung Hotel
355,Turkan,AZ,60.98,few clouds,40.3639,50.215,Reshad
356,Hualmay,PE,64.83,broken clouds,-11.0964,-77.6139,Hotel Villa Kitzia Huacho
357,Muros,ES,64.69,light rain,42.7762,-9.0603,Apartment Av. Castelao
358,Kinkala,CG,71.82,light rain,-4.3614,14.7644,Hotel la Pepeche Kinkala
359,Toppenish,US,73.02,scattered clouds,46.3774,-120.3087,Legends Casino Hotel
360,Carlyle,US,81,clear sky,38.6103,-89.3726,Mariner's Village at Carlyle Lake
361,Tondano,ID,68.09,broken clouds,1.3038,124.9112,Villa Bella
362,Makakilo City,US,80.92,light rain,21.3469,-158.0858,Marriott's Ko Olina Beach Club
363,Bodden Town,KY,84.99,few clouds,19.2833,-81.25,Will T Place
364,Constitucion,CL,54.16,clear sky,-35.3333,-72.4167,Hotel Boutique Las Azucenas
365,Kaeo,NZ,69.33,overcast clouds,-35.1,173.7833,Bushido Lodge
366,Faanui,PF,80.65,light rain,-16.4833,-151.75,Bora-Bora Pearl Beach Resort & Spa
367,Bulgan,MN,53.83,overcast clouds,48.8125,103.5347,Unitel –ë—É–ª–≥–∞–Ω —Å–∞–ª–±–∞—Ä
368,Itaituba,BR,75.69,overcast clouds,-4.2761,-55.9836,Hotel Campos
370,Manbij,SY,65.75,broken clouds,36.5281,37.9549,Manbej City Hotel
371,Ixtapa,MX,81.63,overcast clouds,20.7,-105.2,hotel la terminal
372,Beruwala,LK,80.42,overcast clouds,6.4788,79.9828,The Palms Hotel
373,Innisfail,AU,75.58,clear sky,-17.5333,146.0333,Moondarra Motel
374,Jacareacanga,BR,75.31,moderate rain,-6.2222,-57.7528,Casa do Ianüòé
375,Te Anau,NZ,52.72,overcast clouds,-45.4167,167.7167,Kingsgate Hotel Te Anau
376,La Vega,DO,86.85,overcast clouds,19.2221,-70.5296,Hotel Rey
378,Bonthe,SL,79.21,moderate rain,7.5264,-12.505,Bonthe Holiday Village
379,Half Moon Bay,US,73.02,overcast clouds,37.4636,-122.4286,"The Ritz-Carlton, Half Moon Bay"
380,Tabuk,PH,75.45,overcast clouds,17.4189,121.4443,Golden Berries Hotel and Convention
383,Bengkulu,ID,75.85,overcast clouds,-3.8004,102.2655,Grage Hotel Bengkulu
384,Mishan,CN,56.75,few clouds,45.55,131.8833,Mishan Hotel
385,Nisporeni,MD,61.59,overcast clouds,47.0814,28.1783,Hotel Prietenia
386,Margate,GB,58.3,overcast clouds,51.3813,1.3862,Premier Inn Margate hotel
387,Lexington,US,75.92,scattered clouds,37.9887,-84.4777,DoubleTree Suites by Hilton Hotel Lexington
389,Bulaevo,KZ,54.68,clear sky,54.9056,70.4439,"–ò–≥—Ä–æ–≤–æ–π –∫–ª—É–± ""–î–û–ú –ò–ì–† Z"""
391,Guayaramerin,BO,70.81,light rain,-10.8368,-65.3614,Hostal Funf
392,Bulawayo,ZW,52.65,clear sky,-20.15,28.5833,4 On Housman Backpackers
393,Neiafu,TO,81.28,few clouds,-18.65,-173.9833,Mystic Sands Beachfront Accommodation
395,Porto Velho,BR,75.25,heavy intensity rain,-8.7619,-63.9039,Ecos Hotel Conforto
396,Bilma,NE,81.81,clear sky,18.6853,12.9164,Expeditions T√©n√©re voyages
398,Grand Gaube,MU,73.8,broken clouds,-20.0064,57.6608,Veranda Paul et Virginie Hotel & Spa
400,Kirakira,SB,84.96,broken clouds,-10.4544,161.9205,SanBiz Lodge
401,Komsomolskiy,UZ,65.12,broken clouds,40.4272,71.7189,Ikathouse
402,Sao Filipe,CV,75.52,scattered clouds,14.8961,-24.4956,Hotel Xaguate
403,Hami,CN,67.87,overcast clouds,42.8,93.45,Laoyutang Resort
404,Berasia,IN,84.88,clear sky,23.6333,77.4333,np__nitin home
405,Swindon,GB,58.39,broken clouds,51.558,-1.7812,Premier Inn Swindon Central hotel
406,Necochea,AR,52.14,overcast clouds,-38.5473,-58.7368,dyd -mar Hotel
407,Vila Franca Do Campo,PT,59.41,clear sky,37.7167,-25.4333,Pestana Bahia Praia
408,Lorengau,PG,83.91,broken clouds,-2.0226,147.2712,Lorengau Harbourside Hotel
409,Makurdi,NG,83.91,broken clouds,7.7411,8.5121,Doo Palace Hotel
411,Sao Domingos Do Maranhao,BR,77.23,overcast clouds,-5.5758,-44.3853,Pousada Baba√ßu
412,Plettenberg Bay,ZA,68.67,clear sky,-34.0527,23.3716,Thanda Vista B&B
413,Alamosa,US,73.38,few clouds,37.4695,-105.87,Best Western Alamosa Inn
415,Barceloneta,PR,87.75,broken clouds,18.4505,-66.5385,Manati World Point Inn
418,Nicoya,CR,80.42,moderate rain,10.1483,-85.452,Las Cabinas Del Sue√±o
419,Porto Novo,BJ,84.02,broken clouds,6.4965,2.6036,Tour Eiffel Hotel Benin
423,Emporia,US,79,clear sky,38.4039,-96.1817,Candlewood Suites Emporia
424,Duobao,CN,62.71,few clouds,30.67,112.6895,Yongsheng Hotel
425,Altamont,US,68.77,clear sky,42.2068,-121.7372,Microtel Inn & Suites by Wyndham Klamath Falls
426,Pittsburg,US,82.26,clear sky,38.028,-121.8847,Hampton Inn & Suites Pittsburg
427,Port Hedland,AU,71.65,overcast clouds,-20.3167,118.5667,The Esplanade Hotel
429,Sibolga,ID,75.9,overcast clouds,1.7427,98.7792,Hotel Syariah CN Darussalam
430,Touros,BR,79.3,broken clouds,-5.1989,-35.4608,INN NEW HORIZON
431,Praia Da Vitoria,PT,58.75,few clouds,38.7333,-27.0667,Hotel Branco I
432,Jumla,NP,54.34,scattered clouds,29.2747,82.1838,Royal Garden Hotel
434,Lazaro Cardenas,MX,85.73,broken clouds,17.9583,-102.2,HOTEL QUINTA ANTIGUA
435,Namie,JP,60.71,overcast clouds,37.4833,141,„ÅÑ„Åì„ÅÑ„ÅÆÊùë„Å™„Åø„Åà
436,Soto La Marina,MX,87.78,clear sky,23.7667,-98.2167,Hotel Chicago
438,Jiexiu,CN,62.51,clear sky,37.0244,111.9125,IU Hotel Jinzhong Yuhua Road
439,Lamar,US,85.98,clear sky,33.6668,-95.5836,Kings Inn Paris TX
440,Concordia,AR,52.79,overcast clouds,-31.393,-58.0209,Palmar Hotel Casino
441,Buala,SB,84,light rain,-8.145,159.5921,Maringe Lagoon Lodge
443,Saint-Georges,GD,82.08,few clouds,12.0564,-61.7485,Radisson Grenada Beach Resort
444,Salina,US,86.02,clear sky,38.8403,-97.6114,"Holiday Inn Express & Suites Salina, an IHG Hotel"
445,Canmore,CA,63.81,overcast clouds,51.0834,-115.3521,Blackstone Mountain Lodge by CLIQUE
451,Isangel,VU,79.16,broken clouds,-19.55,169.2667,Tanna Lodge
453,Dunedin,NZ,54.81,overcast clouds,-45.8742,170.5036,Scenic Hotel Southern Cross
454,Yiyang,CN,61.18,broken clouds,28.5892,112.3283,Tongcheng International Hotel
455,Mahajanga,MG,69.82,few clouds,-15.7167,46.3167,Restaurant Greedy Coco Lodge Majunga
457,Lufilufi,WS,85.78,broken clouds,-13.8745,-171.5986,Leuaina Beach Resort and Spa
459,Lixourion,GR,66.27,clear sky,38.2019,20.4314,Hotel Summery
460,Salalah,OM,82.49,few clouds,17.0151,54.0924,"HAMDAN PLAZA HOTEL SALALAH, an HTG Hotel"
463,Aswan,EG,85.3,clear sky,24.0934,32.907,Nuba Nile
464,Safranbolu,TR,52.09,clear sky,41.2508,32.6942,GuleviSafranbolu Hotel
465,Gat,IL,68.4,overcast clouds,31.61,34.7642,OlusHome
466,Vanimo,PG,82.31,scattered clouds,-2.6741,141.3028,Vahmoneh Lodge Vanimo
467,Buchanan,LR,79.41,light rain,5.8808,-10.0467,Kamaneahn Hotel Inc
470,Coahuayana,MX,86.61,overcast clouds,18.7333,-103.6833,El rranchito michuacan de ocampos
471,Mitsamiouli,KM,79.09,clear sky,-11.3847,43.2844,Foyer ADM
472,Forestville,US,73.53,broken clouds,38.8451,-76.875,Quality Inn Near Joint Base Andrews-Washington Area
473,Lucea,JM,81.86,overcast clouds,18.451,-78.1736,Grand Palladium Jamaica Resort & Spa
474,Tambura,SS,69.55,scattered clouds,5.6,27.4667,Rikito Lodge
475,Bulembu,SZ,51.13,clear sky,-25.9667,31.1333,Bulembu Lodge
476,Labuhan,ID,77.58,broken clouds,-6.8844,112.2051,DoubleFAG
477,Sulangan,PH,83.05,overcast clouds,11.1373,123.7228,Maia's Beach Resort
478,Sabzevar,IR,75.27,scattered clouds,36.2126,57.6819,Ÿæÿ≤ÿ¥⁄©€å ŸÇÿßŸÜŸàŸÜ€å ÿ≥ÿ®ÿ≤Ÿàÿßÿ±
479,Mandera,KE,78.37,scattered clouds,3.9366,41.867,Red Sea Resort & Suites Mandera County
480,Lata,PT,57.6,clear sky,40.1629,-8.3327,Casa Maquia
482,Nago,JP,66.63,overcast clouds,26.5881,127.9761,Hotel Yugaf Inn Okinawa
483,Gemena,CD,71.15,light rain,3.25,19.7667,H√¥tel Goshen
485,Talara,PE,74.16,broken clouds,-4.5772,-81.2719,Hostal Oro Negro
488,Barcelos,PT,63.84,scattered clouds,41.5388,-8.6151,Hotel Restaurante Bagoeira
489,Jeremie,HT,80.92,overcast clouds,18.65,-74.1167,Auberge‚ÄôInn
490,Marshall,US,82.38,clear sky,34.3834,-86.3333,Riverview Campground
491,Broken Hill,AU,54.05,clear sky,-31.95,141.4333,Royal Exchange Hotel
492,Tongliao,CN,65.25,overcast clouds,43.6125,122.2653,Meirujia Hotel
493,East Wenatchee Bench,US,69.17,clear sky,47.4257,-120.2812,Coast Wenatchee Center Hotel
497,Cayenne,GF,77.09,moderate rain,4.9333,-52.3333,H√¥tel Le Dronmi
498,Sandpoint,US,67.86,broken clouds,48.2766,-116.5533,Hotel Ruby Sandpoint/Ponderay
499,Xiaoweizhai,CN,56.66,overcast clouds,26.1903,107.5125,Karst Youth Hostel
501,Saldanha,ZA,57.25,broken clouds,-33.0117,17.9442,Blue Bay Lodge
502,Batemans Bay,AU,56.1,clear sky,-35.7167,150.1833,Batemans Bay Marina Resort
503,Ukiah,US,78.44,clear sky,39.1502,-123.2078,Hampton Inn Ukiah
504,Ahipara,NZ,68.97,overcast clouds,-35.1667,173.1667,Ahipara Holiday Park
505,Kondinskoye,RU,51.03,overcast clouds,59.6481,67.41,Gostinitsa
506,Altamira,BR,74.19,overcast clouds,-3.2033,-52.2064,Requinte Hotel
508,Santander,ES,67.71,clear sky,43.4647,-3.8044,Abba Santander Hotel
509,Papetoai,PF,85.59,light rain,-17.4961,-149.8729,Fare Vaihere
511,Mitchell,US,81.1,clear sky,43.7094,-98.0298,Kelly Inn & Suites
512,Flin Flon,CA,51.64,scattered clouds,54.7682,-101.865,Victoria Inn Flin Flon
513,Progreso,MX,89.71,clear sky,21.2833,-89.6667,Playa Linda Hotel
514,Kourou,GF,77.11,moderate rain,5.1552,-52.6478,Lodge TAKINI4 Guesthouse KOUROU FGU
516,Homer,US,56.77,clear sky,59.6425,-151.5483,Beluga Lake Lodge
518,Chongwe,ZM,54.84,clear sky,-15.3292,28.682,Grakas Lodge
519,Swiecie,PL,55.71,overcast clouds,53.4095,18.4474,Hotel i Restauracja Vistula
522,Terney,RU,55.38,scattered clouds,45.0503,136.6092,"Hotel ""Ternay"""
523,Olinda,BR,82.13,scattered clouds,-8.0089,-34.8553,Flat Quatro Rodas Olinda
525,Freeport,US,72.97,broken clouds,40.6576,-73.5832,The Freeport Inn and Marina
526,Russell,US,89.2,clear sky,32.3502,-85.1999,Macs
527,Kargasok,RU,54.18,overcast clouds,59.0556,80.8572,Hotel Kargasok
528,Hongjiang,CN,59.11,broken clouds,27.11,109.9956,Ê¥™Ê±üÂ§ßÈÖíÂ∫ó
529,El Alto,PE,71.26,scattered clouds,-4.2714,-81.2147,Black Marlin Restaurant & Hospedaje
532,Isla Mujeres,MX,86.16,clear sky,21.2311,-86.731,Hotel La Joya Isla Mujeres
534,Martapura,ID,75.29,mist,-3.4167,114.85,Montana Hotel Syariah
535,Sambava,MG,71.4,few clouds,-14.2667,50.1667,Melrose
537,Port Maria,JM,84.16,overcast clouds,18.3685,-76.8895,Galina Breeze Hotel
539,Honiara,SB,85.01,broken clouds,-9.4333,159.95,Heritage Park Hotel
540,Katsuura,JP,61.66,overcast clouds,35.1333,140.3,Katsuura Hotel Mikazuki
541,Altay,CN,50.5,clear sky,47.8667,88.1167,Jinqiao Hotel
542,Buluang,PH,80.31,overcast clouds,13.3068,123.3425,Sacueza Beach Resort
543,Jaguariaiva,BR,50.02,clear sky,-24.2511,-49.7058,San Juan Jaguaria√≠va
544,Aktau,KZ,61.38,overcast clouds,43.65,51.2,Silk Way Hotel
545,Bahia Honda,CU,72.9,broken clouds,22.9036,-83.1592,Casa Gualberto - Deysi
546,Moindou,NC,78.26,scattered clouds,-21.6924,165.677,Equi-lodge de Moindou
547,Carauari,BR,73.18,moderate rain,-4.8828,-66.8958,Hotel Fellip
548,Kiama,AU,64.99,clear sky,-34.6833,150.8667,The Sebel Kiama Harbourside
549,Umuarama,BR,50.63,clear sky,-23.7664,-53.325,Hotel Caiu√°
550,Phatthalung,TH,78.01,overcast clouds,7.5,100.0833,Ozone Resort & Pool Villa
551,Faya,SA,64.51,clear sky,18.3851,42.4509,ÿßŸÖŸÑÿßŸÉ ÿÆÿßŸÑÿØ ÿßŸÑÿ¥ÿπÿ¥Ÿàÿπ
552,Renqiu,CN,65.71,broken clouds,38.6989,116.0936,City Garden Renqiu Meishicheng Store
553,Atherton,GB,56.75,overcast clouds,53.5237,-2.4935,The Mercury Motel
555,Manzanillo,CU,81.63,overcast clouds,20.3433,-77.1167,"HOSTAL ""THE YELLOW HOUSE"""
559,Lamu,KE,78.67,light rain,-2.2717,40.902,Lamu House
561,Mabaruma,GY,76.08,overcast clouds,8.2,-59.7833,Monty Brooms Guest House
562,Miandrivazo,MG,71.15,clear sky,-19.5167,45.4667,H√¥tel Arc En Ciel Miandrivazo
563,Jalu,LY,79.34,clear sky,29.0331,21.5482,ÿµÿßÿ≠ÿ®ÿ© ÿßŸÑŸÅÿÆÿßŸÖÿ©
565,Santa Fe,AR,56.01,light rain,-31.6333,-60.7,Conquistador Hotel
567,Taman,RU,59.76,overcast clouds,45.2117,36.7161,Staryy Gorod G. Taman'
568,Paso De Patria,AR,57.25,clear sky,-27.2454,-58.5454,"Posada Pasito's III, Paso de Patria √ëeembuc√∫"
569,Fort Nelson,CA,54.99,broken clouds,58.8053,-122.7002,The Fort Nelson Hotel
574,Minab,IR,80.92,clear sky,27.1467,57.0801,Bam campground
575,Tifton,US,89.56,scattered clouds,31.4505,-83.5085,Hilton Garden Inn Tifton
576,Hasaki,JP,59.4,overcast clouds,35.7333,140.8333,Inubosaki Kanko Hotel
578,Ibatiba,BR,60.87,few clouds,-20.2339,-41.5106,Hotel Nacional Ibatiba
581,Namibe,AO,71.94,clear sky,-15.1961,12.1522,Hotel Chik Chik Namibe
582,Willowmore,ZA,56.71,clear sky,-33.2926,23.4895,Jumper's Place
583,Pacific Grove,US,76.39,broken clouds,36.6177,-121.9166,Lovers Point Inn
586,Yining,CN,60.04,overcast clouds,29.0361,114.5636,Xiushui Hotel
587,Bom Jesus,BR,83.26,overcast clouds,-9.0744,-44.3586,Hotel Bras√£o & Floricultura Bella Flor
588,Kachiry,KZ,62.26,broken clouds,53.0675,76.1036,"–ù–æ—á–Ω–æ–π –∫–ª—É–± BasMax, –ì–æ—Å—Ç–∏–Ω–∏—Ü–∞ , –†–µ—Å—Ç–æ—Ä–∞–Ω , –ú–∞–≥–∞–∑–∏–Ω-–∞–≤—Ç–æ–∑–∞–ø. —Å—Ç–æ –≤—É–ª–∫–∞–Ω–∏–∑–∞—Ç–æ—Ä ,"
589,Acari,PE,70.14,broken clouds,-15.4311,-74.6158,HOSPEDAJE XIMENA
590,Northam,GB,56.61,overcast clouds,51.0333,-4.2167,Durrant House Hotel
592,Bosilovo,MK,61.48,clear sky,41.4406,22.7278,Avto peralna 666
593,Constantine,DZ,65.61,few clouds,36.365,6.6147,Grand Hotel Cirta
594,Palauig,PH,82.13,overcast clouds,15.435,119.9045,Alperi Botique Resort
595,Okato,NZ,67.51,light rain,-39.2,173.8833,Stony River House
596,La Asuncion,VE,82.13,overcast clouds,11.0333,-63.8628,Colinas de Matasiete
597,Pitimbu,BR,79.39,broken clouds,-7.4706,-34.8086,Reserva do Abia√≠
598,Sohag,EG,77.29,overcast clouds,26.557,31.6948,Civil Registry - Sohag 1
600,Ternate,ID,81.14,scattered clouds,0.8,127.4,Sahid Bela Ternate Hotel
601,Oxapampa,PE,60.96,overcast clouds,-10.5775,-75.4017,Hotel Heidinger
603,Silos,CO,54.68,overcast clouds,7.2052,-72.7564,Hotel Luz Marina Suarez
604,Wahiawa,US,79.12,light intensity drizzle,21.5028,-158.0236,The Inn At Schofield
605,Skibbereen,IE,57.11,moderate rain,51.55,-9.2667,The West Cork Hotel
606,Xinpu,CN,63.18,clear sky,34.5997,119.1594,Pattaya Leisure Hotel
607,Huarmey,PE,66.43,broken clouds,-10.0681,-78.1522,Hotel Miramar
608,Nizwa,OM,77.94,clear sky,22.9333,57.5333,Orient Apartments
610,Inongo,CD,72.73,broken clouds,-1.95,18.2667,Hotel Du Lac
613,Badarpur,IN,71.89,light rain,24.9,92.6,Rejauls home
614,Riosucio,CO,62.17,overcast clouds,5.4216,-75.7032,Finca Cafe La Ermita
615,Johnstown,US,68.79,broken clouds,40.3267,-78.922,"Holiday Inn Johnstown-Downtown, an IHG Hotel"
616,Oriximina,BR,77.23,moderate rain,-1.7656,-55.8661,Pousada Tia Am√©lia
620,Havelock,US,82.02,thunderstorm,34.8791,-76.9013,Sherwood Motel
621,Makushino,RU,51.33,clear sky,55.2103,67.2442,Cristina Hotel
623,Manati,PR,87.37,broken clouds,18.4275,-66.4921,Manati World Point Inn
625,Sabang,ID,83.73,overcast clouds,5.8933,95.3214,Hotel Citra
627,Moquegua,PE,68.99,clear sky,-17.1956,-70.9353,Residencial Moquegua
628,Najran,SA,70.45,clear sky,17.4924,44.1277,ŸÖÿ≠ŸÖÿØ ŸáÿßÿØŸä ÿßŸÑ ŸÅÿ∑Ÿäÿ≠
629,Mason City,US,75.47,clear sky,43.1536,-93.201,Days Inn by Wyndham Mason City
630,Marsh Harbour,BS,73.99,overcast clouds,26.5412,-77.0636,Abaco Beach Resort
631,Vallenar,CL,61.45,broken clouds,-28.5708,-70.7581,Humacao Bed & Breakfast
632,Kaura Namoda,NG,89.76,broken clouds,12.5898,6.5779,Moonlight Hotel
634,Izumo,JP,57.15,clear sky,35.3667,132.7667,Toyoko-Inn Izumoshi ekimae
635,George Town,MY,78.73,few clouds,5.4112,100.3354,Cititel Penang
636,Iroquois Falls,CA,53.83,overcast clouds,48.7669,-80.6831,Auberge MacDonald Guest Inn
637,Darque,PT,63.3,scattered clouds,41.6833,-8.7667,HOTEL A Ponte
638,Singkawang,ID,77.18,overcast clouds,0.9,109,Capital O 1822 Wahana Inn
640,Notse,TG,76.37,overcast clouds,6.95,1.1667,Le Berceau
641,Hirara,JP,68.27,broken clouds,24.8,125.2833,Hotel Atoll Emerald Miyakojima
642,Quatre Cocos,MU,73.51,overcast clouds,-20.2078,57.7625,Sunrise Attitude Hotel
643,Santa Vitoria Do Palmar,BR,52,light rain,-33.5189,-53.3681,Hostel Comodoro
645,Muisne,EC,76.77,overcast clouds,0.6,-80.0333,Quinta Samay
646,Guerrero Negro,MX,67.12,few clouds,27.9769,-114.0611,"Casa Laguna, Bed & Breakfast"
648,Jingdezhen,CN,61.93,clear sky,29.2947,117.2079,Garden Hotel
649,Ulladulla,AU,58.73,clear sky,-35.35,150.4667,Sandpiper Motel
650,Tieli,CN,56.68,overcast clouds,46.95,128.05,Dynasty Hotel
651,Bad Durrenberg,DE,63.95,few clouds,51.3,12.0667,"Hotel ""Altes Salzamt"""
652,Abha,SA,64.22,clear sky,18.2164,42.5053,Abha Hotel
653,Boyolangu,ID,74.55,overcast clouds,-8.1181,111.8935,Yos ega cv
654,Lishui,CN,59.27,scattered clouds,28.4604,119.9103,Bayi Hotel
655,Abalak,RU,50.31,light rain,58.1286,68.5944,–¢—É—Ä–∏—Å—Ç–∏—á–µ—Å–∫–∏–π –∫–æ–º–ø–ª–µ–∫—Å –ê–±–∞–ª–∞–∫
656,Bartica,GY,82.72,moderate rain,6.4,-58.6167,Sloth Island Nature Resort
658,Manacor,ES,67.51,overcast clouds,39.5696,3.2096,Hotel Can Guixa
661,Phulabani,IN,81.37,overcast clouds,20.4667,84.2333,Hotel Raj Kamal
662,Ulcinj,ME,66.97,few clouds,41.9294,19.2244,Hotel Palata Venezia
663,Lichuan,CN,51.49,overcast clouds,30.3,108.85,Yuanlai Homestay
666,Chimoio,MZ,60.66,moderate rain,-19.1164,33.4833,Predio Livraria Ahmed
667,Samarai,PG,80.98,few clouds,-10.6167,150.6667,Nuli Sapi
668,Strelka,RU,56.21,broken clouds,58.0728,93.0344,"Gostinitsa ""Angara"""
669,Noumea,NC,78.01,broken clouds,-22.2763,166.4572,H√¥tel Le Lagon
670,Sarkand,KZ,56.35,scattered clouds,45.41,79.9186,–ì–æ—Å—Ç–∏–Ω–∏—Ü–∞ –°–∞—Ä–∫–∞–Ω–¥
672,Mocuba,MZ,65.5,light rain,-16.8392,36.9856,Phama Lodge
674,Sao Miguel Do Araguaia,BR,81.09,overcast clouds,-13.275,-50.1628,Hotel Executivo Palace
675,Nsukka,NG,77.13,overcast clouds,6.8561,7.3927,The AttaGate Hotels
